{"genders": {"male": {"18_10_05": 0.463768115942029, "18_10_15": 0.4642857142857143, "census": 0.4897, "18_07_09": 0.4652777777777778, "17_11_28": 0.4726027397260274, "18_10_08": 0.4676258992805755, "18_10_22": 0.4632352941176471, "18_09_17": 0.4626865671641791, "18_10_29": 0.463768115942029, "18_09_10": 0.4676258992805755, "18_09_24": 0.4676258992805755, "18_08_06": 0.4647887323943662, "18_10_26": 0.4676258992805755, "18_10_01": 0.4676258992805755}, "female": {"18_10_05": 0.5362318840579711, "18_10_15": 0.5357142857142857, "census": 0.5103, "18_07_09": 0.5347222222222222, "17_11_28": 0.5273972602739726, "18_10_08": 0.5323741007194245, "18_10_22": 0.5367647058823529, "18_09_17": 0.5373134328358209, "18_10_29": 0.5362318840579711, "18_09_10": 0.5323741007194245, "18_09_24": 0.5323741007194245, "18_08_06": 0.5352112676056338, "18_10_26": 0.5323741007194245, "18_10_01": 0.5323741007194245}}, "age_intervals": {"young_2": {"18_10_05": 0.29304029304029305, "18_10_15": 0.2932761087267525, "census": 0.1722, "18_07_09": 0.2955665024630542, "17_11_28": 0.28256374913852517, "18_10_08": 0.2883922134102379, "18_10_22": 0.2936857562408223, "18_09_17": 0.2893175074183976, "18_10_29": 0.2909090909090909, "18_09_10": 0.29069767441860467, "18_09_24": 0.2886002886002886, "18_08_06": 0.29016277423920733, "18_10_26": 0.2886002886002886, "18_10_01": 0.2886002886002886}, "mid_aged_1": {"18_10_05": 0.19047619047619047, "18_10_15": 0.19313304721030042, "census": 0.141, "18_07_09": 0.1900070372976777, "17_11_28": 0.18607856650585802, "18_10_08": 0.1946647440519106, "18_10_22": 0.19089574155653452, "18_09_17": 0.19287833827893175, "18_10_29": 0.19636363636363635, "18_09_10": 0.18895348837209303, "18_09_24": 0.19480519480519481, "18_08_06": 0.1910828025477707, "18_10_26": 0.19480519480519481, "18_10_01": 0.19480519480519481}, "mid_aged_2": {"18_10_05": 0.11721611721611722, "18_10_15": 0.11444921316165951, "census": 0.1152, "18_07_09": 0.11259676284306826, "17_11_28": 0.11026878015161957, "18_10_08": 0.11535688536409516, "18_10_22": 0.11747430249632893, "18_09_17": 0.11869436201780416, "18_10_29": 0.11636363636363636, "18_09_10": 0.11627906976744186, "18_09_24": 0.11544011544011544, "18_08_06": 0.11323425336164189, "18_10_26": 0.11544011544011544, "18_10_01": 0.11544011544011544}, "old_2": {"18_10_05": 0.03223443223443224, "18_10_15": 0.032188841201716736, "census": 0.738, "18_07_09": 0.030260380014074596, "17_11_28": 0.026878015161957272, "18_10_08": 0.03172314347512617, "18_10_22": 0.032305433186490456, "18_09_17": 0.03115727002967359, "18_10_29": 0.032, "18_09_10": 0.03125, "18_09_24": 0.031746031746031744, "18_08_06": 0.03113941967445152, "18_10_26": 0.032467532467532464, "18_10_01": 0.031746031746031744}, "old_1": {"18_10_05": 0.06373626373626373, "18_10_15": 0.06294706723891273, "census": 0.775, "18_07_09": 0.06052076002814919, "17_11_28": 0.05651274982770503, "18_10_08": 0.06344628695025234, "18_10_22": 0.06387665198237885, "18_09_17": 0.06231454005934718, "18_10_29": 0.064, "18_09_10": 0.0625, "18_09_24": 0.06204906204906205, "18_08_06": 0.06157112526539278, "18_10_26": 0.06349206349206349, "18_10_01": 0.06277056277056277}, "young_1": {"18_10_05": 0.24175824175824176, "18_10_15": 0.24320457796852646, "census": 0.1795, "18_07_09": 0.24630541871921183, "17_11_28": 0.2618883528600965, "18_10_08": 0.24513338139870222, "18_10_22": 0.2422907488986784, "18_09_17": 0.24480712166172106, "18_10_29": 0.24, "18_09_10": 0.24709302325581395, "18_09_24": 0.2453102453102453, "18_08_06": 0.24769992922859166, "18_10_26": 0.2453102453102453, "18_10_01": 0.2453102453102453}}, "brazilian_regions": {"southeast": {"18_10_05": 0.46317167163527956, "18_10_15": 0.4621300058038305, "census": 0.4206, "18_07_09": 0.46872803935347856, "17_11_28": 0.4751709372194212, "18_10_08": 0.46280151118860796, "18_10_22": 0.46733779116760965, "18_09_17": 0.46695509473370134, "18_10_29": 0.4642857142857143, "18_09_10": 0.4648956356736243, "18_09_24": 0.4635086953358073, "18_08_06": 0.4653002517080187, "18_10_26": 0.46253267499273887, "18_10_01": 0.4635086953358073}, "northeast": {"18_10_05": 0.23122227877553989, "18_10_15": 0.2328786999419617, "census": 0.02779, "18_07_09": 0.2297962052002811, "17_11_28": 0.22722563712963603, "18_10_08": 0.23249055507120023, "18_10_22": 0.22999485634506578, "18_09_17": 0.22974787408623004, "18_10_29": 0.23177842565597667, "18_09_10": 0.2306232666763976, "18_09_24": 0.2321181692497999, "18_08_06": 0.2308522114347357, "18_10_26": 0.23235550392099913, "18_10_01": 0.2321181692497999}, "north": {"18_10_05": 0.07074820039264161, "18_10_15": 0.07066163668020894, "census": 0.0841, "18_07_09": 0.07027406886858749, "17_11_28": 0.06692451136128186, "18_10_08": 0.07076431269979658, "18_10_22": 0.06899845690351973, "18_09_17": 0.06907354915709384, "18_10_29": 0.06997084548104957, "18_09_10": 0.07020872865275142, "18_09_24": 0.07079967983700793, "18_08_06": 0.07011866235167206, "18_10_26": 0.07057798431600348, "18_10_01": 0.07007203667321546}, "south": {"18_10_05": 0.1534210717661601, "18_10_15": 0.15307603017991875, "census": 0.143, "18_07_09": 0.15038650737877723, "17_11_28": 0.15056288417708405, "18_10_08": 0.15257192676547515, "18_10_22": 0.1528400323315453, "18_09_17": 0.1521706698493212, "18_10_29": 0.152332361516035, "18_09_10": 0.15253247701065537, "18_09_24": 0.15207742123262752, "18_08_06": 0.1524631427544049, "18_10_26": 0.1532094103979088, "18_10_01": 0.15280506439642}, "midwest": {"18_10_05": 0.08143677743037883, "18_10_15": 0.0812536273940801, "census": 0.744, "18_07_09": 0.08081517919887561, "17_11_28": 0.08011603011257684, "18_10_08": 0.08137169427492008, "18_10_22": 0.08082886325225953, "18_09_17": 0.0820528121736536, "18_10_29": 0.08163265306122448, "18_09_10": 0.0817398919865713, "18_09_24": 0.08149603434475733, "18_08_06": 0.08126573175116865, "18_10_26": 0.0813244263723497, "18_10_01": 0.08149603434475733}}}
